Population Set 1: AFRICA (N=246), EUROPE (N=380), EAST ASIA (N=286), AMERICA (N=181),
SNP,chromosome,position,genes,reference,ancestral,var,population,N,freq_A,freq_C,freq_G,freq_T,MA,MAF,Hobs,Hexp,Fs,Fst,In,
rs194014,chr19,39792460,-,G,G,GA,Population Set 1,1093,0.201,0.000,0.799,0.000,A,0.201,0.224,0.321,-,0.275,0.128,
rs194014,chr19,39792460,-,G,G,GA,AFRICA,246,0.585,0.000,0.415,0.000,G,0.415,0.431,0.485,-,0.022,0.012,
rs194014,chr19,39792460,-,G,G,GA,EUROPE,380,0.105,0.000,0.895,0.000,A,0.105,0.195,0.188,-,0.005,0.005,
rs194014,chr19,39792460,-,G,G,GA,EAST ASIA,286,0.040,0.000,0.960,0.000,A,0.040,0.080,0.077,-,0.005,0.003,
rs194014,chr19,39792460,-,G,G,GA,AMERICA,181,0.133,0.000,0.867,0.000,A,0.133,0.232,0.230,-,0.009,0.004,
rs1356733,chr02,152794981,CACNB4,G,G,GA,Population Set 1,1093,0.204,0.000,0.796,0.000,A,0.204,0.237,0.324,-,0.251,0.115,
rs1356733,chr02,152794981,CACNB4,G,G,GA,AFRICA,246,0.079,0.000,0.921,0.000,A,0.079,0.150,0.146,-,0.008,0.005,
rs1356733,chr02,152794981,CACNB4,G,G,GA,EUROPE,380,0.097,0.000,0.903,0.000,A,0.097,0.179,0.176,-,0.010,0.005,
rs1356733,chr02,152794981,CACNB4,G,G,GA,EAST ASIA,286,0.542,0.000,0.458,0.000,G,0.458,0.462,0.496,-,0.000,0.000,
rs1356733,chr02,152794981,CACNB4,G,G,GA,AMERICA,181,0.061,0.000,0.939,0.000,A,0.061,0.122,0.114,-,0.005,0.002,
rs4751629,chr10,119335191,-,G,G,GA,Population Set 1,1093,0.230,0.000,0.770,0.000,A,0.230,0.318,0.354,-,0.159,0.075,
rs4751629,chr10,119335191,-,G,G,GA,AFRICA,246,0.049,0.000,0.951,0.000,A,0.049,0.089,0.093,-,0.012,0.006,
rs4751629,chr10,119335191,-,G,G,GA,EUROPE,380,0.438,0.000,0.562,0.000,A,0.438,0.550,0.492,-,0.025,0.039,
rs4751629,chr10,119335191,-,G,G,GA,EAST ASIA,286,0.086,0.000,0.914,0.000,A,0.086,0.171,0.157,-,0.001,0.000,
rs4751629,chr10,119335191,-,G,G,GA,AMERICA,181,0.265,0.000,0.735,0.000,A,0.265,0.376,0.390,-,0.017,0.008,
rs1281340,chr01,182115787,-,A,G,AG,Population Set 1,1093,0.603,0.000,0.397,0.000,G,0.397,0.493,0.479,-,0.010,0.004,
rs1281340,chr01,182115787,-,A,G,AG,AFRICA,246,0.638,0.000,0.362,0.000,G,0.362,0.520,0.462,-,0.004,0.002,
rs1281340,chr01,182115787,-,A,G,AG,EUROPE,380,0.632,0.000,0.368,0.000,G,0.368,0.442,0.465,-,0.003,0.001,
rs1281340,chr01,182115787,-,A,G,AG,EAST ASIA,286,0.524,0.000,0.476,0.000,G,0.476,0.566,0.499,-,0.007,0.004,
rs1281340,chr01,182115787,-,A,G,AG,AMERICA,181,0.622,0.000,0.378,0.000,G,0.378,0.448,0.470,-,0.002,0.001,
rs11164559,chr01,103088742,-,G,G,GT,Population Set 1,1093,0.000,0.000,0.507,0.493,T,0.493,0.382,0.500,-,0.219,0.143,
rs11164559,chr01,103088742,-,G,G,GT,AFRICA,246,0.000,0.000,0.935,0.065,T,0.065,0.106,0.122,-,0.063,0.030,
rs11164559,chr01,103088742,-,G,G,GT,EUROPE,380,0.000,0.000,0.401,0.599,G,0.401,0.487,0.481,-,0.013,0.006,
rs11164559,chr01,103088742,-,G,G,GT,EAST ASIA,286,0.000,0.000,0.414,0.586,G,0.414,0.479,0.485,-,0.001,0.001,
rs11164559,chr01,103088742,-,G,G,GT,AMERICA,181,0.000,0.000,0.296,0.704,G,0.296,0.381,0.416,-,0.008,0.004,
rs3128917,chr06,33059996,-,T,G,TG,Population Set 1,1093,0.000,0.000,0.381,0.619,G,0.381,0.435,0.472,-,0.071,0.038,
rs3128917,chr06,33059996,-,T,G,TG,AFRICA,246,0.000,0.000,0.524,0.476,T,0.476,0.480,0.499,-,0.029,0.015,
rs3128917,chr06,33059996,-,T,G,TG,EUROPE,380,0.000,0.000,0.266,0.734,G,0.266,0.416,0.390,-,0.019,0.008,
rs3128917,chr06,33059996,-,T,G,TG,EAST ASIA,286,0.000,0.000,0.503,0.497,T,0.497,0.448,0.500,-,0.008,0.004,
rs3128917,chr06,33059996,-,T,G,TG,AMERICA,181,0.000,0.000,0.235,0.765,G,0.235,0.392,0.359,-,0.005,0.002,
rs10872465,chr06,137294656,-,C,C,CT,Population Set 1,1093,0.000,0.553,0.000,0.447,T,0.447,0.457,0.494,-,0.027,0.015,
rs10872465,chr06,137294656,-,C,C,CT,AFRICA,246,0.000,0.701,0.000,0.299,T,0.299,0.394,0.419,-,0.014,0.007,
rs10872465,chr06,137294656,-,C,C,CT,EUROPE,380,0.000,0.514,0.000,0.486,T,0.486,0.518,0.500,-,0.009,0.004,
rs10872465,chr06,137294656,-,C,C,CT,EAST ASIA,286,0.000,0.521,0.000,0.479,T,0.479,0.413,0.499,-,0.023,0.012,
rs10872465,chr06,137294656,-,C,C,CT,AMERICA,181,0.000,0.481,0.000,0.519,C,0.481,0.486,0.499,-,0.014,0.007,
rs1467044,chr08,120887041,DEPDC6,G,G,GA,Population Set 1,1093,0.608,0.000,0.392,0.000,G,0.392,0.371,0.476,-,0.221,0.127,
rs1467044,chr08,120887041,DEPDC6,G,G,GA,AFRICA,246,0.297,0.000,0.703,0.000,A,0.297,0.423,0.417,-,0.015,0.008,
rs1467044,chr08,120887041,DEPDC6,G,G,GA,EUROPE,380,0.537,0.000,0.463,0.000,G,0.463,0.516,0.497,-,0.019,0.008,
rs1467044,chr08,120887041,DEPDC6,G,G,GA,EAST ASIA,286,0.939,0.000,0.061,0.000,G,0.061,0.122,0.115,-,0.003,0.002,
rs1467044,chr08,120887041,DEPDC6,G,G,GA,AMERICA,181,0.660,0.000,0.340,0.000,G,0.340,0.392,0.449,-,0.036,0.018,
rs2172159,chr04,70765416,-,G,A,GA,Population Set 1,1093,0.376,0.000,0.624,0.000,A,0.376,0.489,0.469,-,0.029,0.016,
rs2172159,chr04,70765416,-,G,A,GA,AFRICA,246,0.461,0.000,0.539,0.000,A,0.461,0.541,0.497,-,0.001,0.000,
rs2172159,chr04,70765416,-,G,A,GA,EUROPE,380,0.379,0.000,0.621,0.000,A,0.379,0.521,0.471,-,0.006,0.003,
rs2172159,chr04,70765416,-,G,A,GA,EAST ASIA,286,0.250,0.000,0.750,0.000,A,0.250,0.395,0.375,-,0.022,0.011,
rs2172159,chr04,70765416,-,G,A,GA,AMERICA,181,0.456,0.000,0.544,0.000,A,0.456,0.503,0.496,-,0.013,0.006,
rs6583859,chr10,94893473,-,A,A,AG,Population Set 1,1093,0.657,0.000,0.343,0.000,G,0.343,0.211,0.450,-,0.476,0.257,
rs6583859,chr10,94893473,-,A,A,AG,AFRICA,246,0.988,0.000,0.012,0.000,G,0.012,0.016,0.024,-,0.037,0.018,
rs6583859,chr10,94893473,-,A,A,AG,EUROPE,380,0.843,0.000,0.157,0.000,G,0.157,0.245,0.264,-,0.004,0.002,
rs6583859,chr10,94893473,-,A,A,AG,EAST ASIA,286,0.138,0.000,0.862,0.000,A,0.138,0.206,0.238,-,0.025,0.012,
rs6583859,chr10,94893473,-,A,A,AG,AMERICA,181,0.638,0.000,0.362,0.000,G,0.362,0.414,0.462,-,0.092,0.048,
rs9960403,chr18,13437993,C18orf1,A,G,AG,Population Set 1,1093,0.588,0.000,0.412,0.000,G,0.412,0.268,0.485,-,0.429,0.212,
rs9960403,chr18,13437993,C18orf1,A,G,AG,AFRICA,246,0.388,0.000,0.612,0.000,A,0.388,0.467,0.475,-,0.010,0.006,
rs9960403,chr18,13437993,C18orf1,A,G,AG,EUROPE,380,0.957,0.000,0.043,0.000,G,0.043,0.082,0.083,-,0.005,0.003,
rs9960403,chr18,13437993,C18orf1,A,G,AG,EAST ASIA,286,0.177,0.000,0.823,0.000,A,0.177,0.276,0.291,-,0.004,0.002,
rs9960403,chr18,13437993,C18orf1,A,G,AG,AMERICA,181,0.735,0.000,0.265,0.000,G,0.265,0.376,0.390,-,0.013,0.007,
rs2441727,chr10,68224886,CTNNA3,A,G,AG,Population Set 1,1093,0.621,0.000,0.379,0.000,G,0.379,0.275,0.471,-,0.407,0.202,
rs2441727,chr10,68224886,CTNNA3,A,G,AG,AFRICA,246,0.518,0.000,0.482,0.000,G,0.482,0.467,0.499,-,0.025,0.013,
rs2441727,chr10,68224886,CTNNA3,A,G,AG,EUROPE,380,0.932,0.000,0.068,0.000,G,0.068,0.132,0.127,-,0.024,0.011,
rs2441727,chr10,68224886,CTNNA3,A,G,AG,EAST ASIA,286,0.170,0.000,0.830,0.000,A,0.170,0.262,0.282,-,0.028,0.015,
rs2441727,chr10,68224886,CTNNA3,A,G,AG,AMERICA,181,0.820,0.000,0.180,0.000,G,0.180,0.337,0.295,-,0.015,0.008,
rs12777190,chr10,49739856,ARHGAP22,T,T,TG,Population Set 1,1093,0.000,0.000,0.564,0.436,T,0.436,0.318,0.492,-,0.328,0.173,
rs12777190,chr10,49739856,ARHGAP22,T,T,TG,AFRICA,246,0.000,0.000,0.679,0.321,T,0.321,0.423,0.436,-,0.008,0.004,
rs12777190,chr10,49739856,ARHGAP22,T,T,TG,EUROPE,380,0.000,0.000,0.758,0.242,T,0.242,0.347,0.367,-,0.002,0.001,
rs12777190,chr10,49739856,ARHGAP22,T,T,TG,EAST ASIA,286,0.000,0.000,0.089,0.911,G,0.089,0.157,0.162,-,0.011,0.006,
rs12777190,chr10,49739856,ARHGAP22,T,T,TG,AMERICA,181,0.000,0.000,0.749,0.251,T,0.251,0.370,0.376,-,0.006,0.003,
rs4706511,chr06,73448086,KCNQ5,A,G,AG,Population Set 1,1093,0.515,0.000,0.485,0.000,G,0.485,0.400,0.500,-,0.161,0.076,
rs4706511,chr06,73448086,KCNQ5,A,G,AG,AFRICA,246,0.220,0.000,0.780,0.000,A,0.220,0.390,0.343,-,0.014,0.008,
rs4706511,chr06,73448086,KCNQ5,A,G,AG,EUROPE,380,0.755,0.000,0.245,0.000,G,0.245,0.347,0.370,-,0.010,0.008,
rs4706511,chr06,73448086,KCNQ5,A,G,AG,EAST ASIA,286,0.465,0.000,0.535,0.000,A,0.465,0.448,0.498,-,0.003,0.001,
rs4706511,chr06,73448086,KCNQ5,A,G,AG,AMERICA,181,0.489,0.000,0.511,0.000,A,0.489,0.448,0.500,-,0.004,0.002,
rs12759306,chr01,94537642,ABCA4,C,A,CA,Population Set 1,1093,0.172,0.828,0.000,0.000,A,0.172,0.273,0.285,-,0.093,0.052,
rs12759306,chr01,94537642,ABCA4,C,A,CA,AFRICA,246,0.354,0.646,0.000,0.000,A,0.354,0.496,0.457,-,0.005,0.003,
rs12759306,chr01,94537642,ABCA4,C,A,CA,EUROPE,380,0.178,0.822,0.000,0.000,A,0.178,0.308,0.292,-,0.008,0.004,
rs12759306,chr01,94537642,ABCA4,C,A,CA,EAST ASIA,286,0.026,0.974,0.000,0.000,A,0.026,0.052,0.051,-,0.004,0.002,
rs12759306,chr01,94537642,ABCA4,C,A,CA,AMERICA,181,0.144,0.856,0.000,0.000,A,0.144,0.243,0.246,-,0.020,0.010,
rs11097457,chr04,96076813,BMPR1B,A,G,AG,Population Set 1,1093,0.420,0.000,0.580,0.000,A,0.420,0.476,0.487,-,0.058,0.030,
rs11097457,chr04,96076813,BMPR1B,A,G,AG,AFRICA,246,0.291,0.000,0.709,0.000,A,0.291,0.443,0.412,-,0.000,0.000,
rs11097457,chr04,96076813,BMPR1B,A,G,AG,EUROPE,380,0.399,0.000,0.601,0.000,A,0.399,0.492,0.479,-,0.010,0.011,
rs11097457,chr04,96076813,BMPR1B,A,G,AG,EAST ASIA,286,0.607,0.000,0.393,0.000,G,0.393,0.472,0.477,-,0.003,0.001,
rs11097457,chr04,96076813,BMPR1B,A,G,AG,AMERICA,181,0.345,0.000,0.655,0.000,A,0.345,0.492,0.452,-,0.000,0.000,
rs12594390,chr15,80590198,-,T,T,TG,Population Set 1,1093,0.000,0.000,0.383,0.617,G,0.383,0.419,0.473,-,0.105,0.047,
rs12594390,chr15,80590198,-,T,T,TG,AFRICA,246,0.000,0.000,0.553,0.447,T,0.447,0.512,0.494,-,0.004,0.002,
rs12594390,chr15,80590198,-,T,T,TG,EUROPE,380,0.000,0.000,0.199,0.801,G,0.199,0.334,0.318,-,0.028,0.015,
rs12594390,chr15,80590198,-,T,T,TG,EAST ASIA,286,0.000,0.000,0.528,0.472,T,0.472,0.462,0.498,-,0.016,0.008,
rs12594390,chr15,80590198,-,T,T,TG,AMERICA,181,0.000,0.000,0.312,0.688,G,0.312,0.403,0.429,-,0.004,0.002,
rs7646054,chr03,56809628,ARHGEF3,A,G,AG,Population Set 1,1093,0.314,0.000,0.686,0.000,A,0.314,0.391,0.431,-,0.053,0.028,
rs7646054,chr03,56809628,ARHGEF3,A,G,AG,AFRICA,246,0.274,0.000,0.726,0.000,A,0.274,0.411,0.398,-,0.008,0.004,
rs7646054,chr03,56809628,ARHGEF3,A,G,AG,EUROPE,380,0.403,0.000,0.597,0.000,A,0.403,0.463,0.481,-,0.010,0.006,
rs7646054,chr03,56809628,ARHGEF3,A,G,AG,EAST ASIA,286,0.159,0.000,0.841,0.000,A,0.159,0.262,0.268,-,0.008,0.004,
rs7646054,chr03,56809628,ARHGEF3,A,G,AG,AMERICA,181,0.428,0.000,0.572,0.000,A,0.428,0.414,0.490,-,0.018,0.009,
rs6012906,chr20,48949175,-,G,A,GA,Population Set 1,1093,0.363,0.000,0.637,0.000,A,0.363,0.376,0.462,-,0.207,0.109,
rs6012906,chr20,48949175,-,G,A,GA,AFRICA,246,0.754,0.000,0.246,0.000,G,0.246,0.386,0.371,-,0.020,0.011,
rs6012906,chr20,48949175,-,G,A,GA,EUROPE,380,0.196,0.000,0.804,0.000,A,0.196,0.318,0.315,-,0.013,0.010,
rs6012906,chr20,48949175,-,G,A,GA,EAST ASIA,286,0.341,0.000,0.659,0.000,A,0.341,0.465,0.449,-,0.018,0.010,
rs6012906,chr20,48949175,-,G,A,GA,AMERICA,181,0.215,0.000,0.785,0.000,A,0.215,0.343,0.338,-,0.001,0.000,
rs2297679,chr01,32157009,COL16A1,C,C,GT,Population Set 1,1093,0.000,0.000,0.853,0.147,T,0.147,0.246,0.251,-,0.030,0.018,
rs2297679,chr01,32157009,COL16A1,C,C,GT,AFRICA,246,0.000,0.000,0.915,0.085,T,0.085,0.154,0.156,-,0.022,0.010,
rs2297679,chr01,32157009,COL16A1,C,C,GT,EUROPE,380,0.000,0.000,0.888,0.112,T,0.112,0.213,0.199,-,0.006,0.003,
rs2297679,chr01,32157009,COL16A1,C,C,GT,EAST ASIA,286,0.000,0.000,0.830,0.170,T,0.170,0.255,0.282,-,0.000,0.000,
rs2297679,chr01,32157009,COL16A1,C,C,GT,AMERICA,181,0.000,0.000,0.732,0.268,T,0.268,0.425,0.392,-,0.037,0.019,
rs975664,chr02,75368797,TACR1,C,T,CT,Population Set 1,1093,0.000,0.635,0.000,0.365,T,0.365,0.362,0.464,-,0.218,0.141,
rs975664,chr02,75368797,TACR1,C,T,CT,AFRICA,246,0.000,0.423,0.000,0.577,C,0.423,0.537,0.488,-,0.010,0.005,
rs975664,chr02,75368797,TACR1,C,T,CT,EUROPE,380,0.000,0.501,0.000,0.499,T,0.499,0.476,0.500,-,0.013,0.006,
rs975664,chr02,75368797,TACR1,C,T,CT,EAST ASIA,286,0.000,0.997,0.000,0.003,T,0.003,0.007,0.007,-,0.002,0.001,
rs975664,chr02,75368797,TACR1,C,T,CT,AMERICA,181,0.000,0.633,0.000,0.367,T,0.367,0.448,0.465,-,0.013,0.007,
rs152280,chr05,96161942,-,T,G,TG,Population Set 1,1093,0.000,0.000,0.667,0.333,T,0.333,0.398,0.444,-,0.065,0.028,
rs152280,chr05,96161942,-,T,G,TG,AFRICA,246,0.000,0.000,0.642,0.358,T,0.358,0.439,0.460,-,0.003,0.002,
rs152280,chr05,96161942,-,T,G,TG,EUROPE,380,0.000,0.000,0.799,0.201,T,0.201,0.313,0.322,-,0.002,0.001,
rs152280,chr05,96161942,-,T,G,TG,EAST ASIA,286,0.000,0.000,0.490,0.510,G,0.490,0.497,0.500,-,0.000,0.000,
rs152280,chr05,96161942,-,T,G,TG,AMERICA,181,0.000,0.000,0.707,0.293,T,0.293,0.365,0.414,-,0.007,0.004,
rs156984,chr01,6756002,-,C,C,CA,Population Set 1,1093,0.171,0.829,0.000,0.000,A,0.171,0.256,0.284,-,0.078,0.057,
rs156984,chr01,6756002,-,C,C,CA,AFRICA,246,0.179,0.821,0.000,0.000,A,0.179,0.301,0.294,-,0.005,0.003,
rs156984,chr01,6756002,-,C,C,CA,EUROPE,380,0.234,0.766,0.000,0.000,A,0.234,0.337,0.359,-,0.006,0.004,
rs156984,chr01,6756002,-,C,C,CA,EAST ASIA,286,0.003,0.997,0.000,0.000,A,0.003,0.007,0.007,-,0.002,0.001,
rs156984,chr01,6756002,-,C,C,CA,AMERICA,181,0.293,0.707,0.000,0.000,A,0.293,0.420,0.414,-,0.011,0.006,
rs4242165,chr05,172719020,-,T,C,TC,Population Set 1,1093,0.000,0.733,0.000,0.267,T,0.267,0.329,0.392,-,0.165,0.073,
rs4242165,chr05,172719020,-,T,C,TC,AFRICA,246,0.000,0.874,0.000,0.126,T,0.126,0.236,0.220,-,0.007,0.004,
rs4242165,chr05,172719020,-,T,C,TC,EUROPE,380,0.000,0.846,0.000,0.154,T,0.154,0.255,0.260,-,0.013,0.009,
rs4242165,chr05,172719020,-,T,C,TC,EAST ASIA,286,0.000,0.437,0.000,0.563,C,0.437,0.497,0.492,-,0.007,0.004,
rs4242165,chr05,172719020,-,T,C,TC,AMERICA,181,0.000,0.771,0.000,0.229,T,0.229,0.348,0.353,-,0.004,0.002,
rs2303942,chr07,150775306,FASTK,G,G,GA,Population Set 1,1093,0.533,0.000,0.467,0.000,G,0.467,0.474,0.498,-,0.038,0.020,
rs2303942,chr07,150775306,FASTK,G,G,GA,AFRICA,246,0.689,0.000,0.311,0.000,G,0.311,0.402,0.429,-,0.004,0.002,
rs2303942,chr07,150775306,FASTK,G,G,GA,EUROPE,380,0.475,0.000,0.525,0.000,A,0.475,0.471,0.499,-,0.002,0.001,
rs2303942,chr07,150775306,FASTK,G,G,GA,EAST ASIA,286,0.439,0.000,0.561,0.000,A,0.439,0.521,0.493,-,0.001,0.001,
rs2303942,chr07,150775306,FASTK,G,G,GA,AMERICA,181,0.594,0.000,0.406,0.000,G,0.406,0.503,0.482,-,0.013,0.006,
rs2427622,chr20,62860980,MYT1,A,C,AG,Population Set 1,1093,0.439,0.000,0.561,0.000,A,0.439,0.309,0.493,-,0.354,0.216,
rs2427622,chr20,62860980,MYT1,A,C,AG,AFRICA,246,0.028,0.000,0.972,0.000,A,0.028,0.041,0.055,-,0.089,0.044,
rs2427622,chr20,62860980,MYT1,A,C,AG,EUROPE,380,0.362,0.000,0.638,0.000,A,0.362,0.450,0.462,-,0.023,0.014,
rs2427622,chr20,62860980,MYT1,A,C,AG,EAST ASIA,286,0.862,0.000,0.138,0.000,G,0.138,0.248,0.238,-,0.001,0.000,
rs2427622,chr20,62860980,MYT1,A,C,AG,AMERICA,181,0.492,0.000,0.508,0.000,A,0.492,0.475,0.500,-,0.071,0.034,
rs2424303,chr20,20246306,C20orf26,A,A,AG,Population Set 1,1093,0.421,0.000,0.579,0.000,A,0.421,0.370,0.487,-,0.174,0.089,
rs2424303,chr20,20246306,C20orf26,A,A,AG,AFRICA,246,0.207,0.000,0.793,0.000,A,0.207,0.285,0.329,-,0.006,0.003,
rs2424303,chr20,20246306,C20orf26,A,A,AG,EUROPE,380,0.343,0.000,0.657,0.000,A,0.343,0.413,0.451,-,0.015,0.016,
rs2424303,chr20,20246306,C20orf26,A,A,AG,EAST ASIA,286,0.755,0.000,0.245,0.000,G,0.245,0.350,0.370,-,0.021,0.011,
rs2424303,chr20,20246306,C20orf26,A,A,AG,AMERICA,181,0.345,0.000,0.655,0.000,A,0.345,0.425,0.452,-,0.005,0.002,
rs7656234,chr04,72356146,SLC4A4,C,C,CT,Population Set 1,1093,0.000,0.485,0.000,0.515,C,0.485,0.412,0.500,-,0.149,0.070,
rs7656234,chr04,72356146,SLC4A4,C,C,CT,AFRICA,246,0.000,0.758,0.000,0.242,T,0.242,0.337,0.367,-,0.008,0.004,
rs7656234,chr04,72356146,SLC4A4,C,C,CT,EUROPE,380,0.000,0.254,0.000,0.746,C,0.254,0.376,0.379,-,0.003,0.003,
rs7656234,chr04,72356146,SLC4A4,C,C,CT,EAST ASIA,286,0.000,0.572,0.000,0.428,T,0.428,0.458,0.490,-,0.000,0.000,
rs7656234,chr04,72356146,SLC4A4,C,C,CT,AMERICA,181,0.000,0.461,0.000,0.539,C,0.461,0.514,0.497,-,0.027,0.014,
rs746124,chr11,34998746,PDHX,G,A,GA,Population Set 1,1093,0.693,0.000,0.307,0.000,G,0.307,0.415,0.426,-,0.018,0.009,
rs746124,chr11,34998746,PDHX,G,A,GA,AFRICA,246,0.614,0.000,0.386,0.000,G,0.386,0.488,0.474,-,0.002,0.001,
rs746124,chr11,34998746,PDHX,G,A,GA,EUROPE,380,0.749,0.000,0.251,0.000,G,0.251,0.382,0.376,-,0.008,0.010,
rs746124,chr11,34998746,PDHX,G,A,GA,EAST ASIA,286,0.733,0.000,0.267,0.000,G,0.267,0.374,0.392,-,0.002,0.001,
rs746124,chr11,34998746,PDHX,G,A,GA,AMERICA,181,0.619,0.000,0.381,0.000,G,0.381,0.453,0.472,-,0.013,0.006,
rs6741951,chr02,58959112,-,G,A,GA,Population Set 1,1093,0.275,0.000,0.725,0.000,A,0.275,0.380,0.399,-,0.027,0.015,
rs6741951,chr02,58959112,-,G,A,GA,AFRICA,246,0.396,0.000,0.604,0.000,A,0.396,0.459,0.479,-,0.004,0.002,
rs6741951,chr02,58959112,-,G,A,GA,EUROPE,380,0.282,0.000,0.718,0.000,A,0.282,0.389,0.405,-,0.002,0.001,
rs6741951,chr02,58959112,-,G,A,GA,EAST ASIA,286,0.192,0.000,0.808,0.000,A,0.192,0.308,0.311,-,0.007,0.004,
rs6741951,chr02,58959112,-,G,A,GA,AMERICA,181,0.227,0.000,0.773,0.000,A,0.227,0.365,0.350,-,0.017,0.009,
rs10510633,chr03,30334755,-,A,A,AG,Population Set 1,1093,0.632,0.000,0.368,0.000,G,0.368,0.465,0.465,-,0.011,0.006,
rs10510633,chr03,30334755,-,A,A,AG,AFRICA,246,0.602,0.000,0.398,0.000,G,0.398,0.528,0.479,-,0.008,0.004,
rs10510633,chr03,30334755,-,A,A,AG,EUROPE,380,0.614,0.000,0.386,0.000,G,0.386,0.482,0.474,-,0.015,0.020,
rs10510633,chr03,30334755,-,A,A,AG,EAST ASIA,286,0.713,0.000,0.287,0.000,G,0.287,0.392,0.409,-,0.002,0.001,
rs10510633,chr03,30334755,-,A,A,AG,AMERICA,181,0.583,0.000,0.417,0.000,G,0.417,0.459,0.486,-,0.021,0.011,
rs6050374,chr20,25133966,-,G,G,GT,Population Set 1,1093,0.000,0.000,0.757,0.243,T,0.243,0.334,0.368,-,0.083,0.041,
rs6050374,chr20,25133966,-,G,G,GT,AFRICA,246,0.000,0.000,0.654,0.346,T,0.346,0.431,0.452,-,0.003,0.001,
rs6050374,chr20,25133966,-,G,G,GT,EUROPE,380,0.000,0.000,0.882,0.118,T,0.118,0.205,0.209,-,0.004,0.002,
rs6050374,chr20,25133966,-,G,G,GT,EAST ASIA,286,0.000,0.000,0.612,0.388,T,0.388,0.462,0.475,-,0.003,0.001,
rs6050374,chr20,25133966,-,G,G,GT,AMERICA,181,0.000,0.000,0.865,0.135,T,0.135,0.271,0.234,-,0.007,0.003,
rs1512744,chr03,172881577,-,G,A,CT,Population Set 1,1093,0.000,0.816,0.000,0.184,T,0.184,0.290,0.301,-,0.005,0.003,
rs1512744,chr03,172881577,-,G,A,CT,AFRICA,246,0.000,0.776,0.000,0.224,T,0.224,0.366,0.347,-,0.010,0.005,
rs1512744,chr03,172881577,-,G,A,CT,EUROPE,380,0.000,0.818,0.000,0.182,T,0.182,0.274,0.297,-,0.012,0.039,
rs1512744,chr03,172881577,-,G,A,CT,EAST ASIA,286,0.000,0.816,0.000,0.184,T,0.184,0.269,0.300,-,0.001,0.000,
rs1512744,chr03,172881577,-,G,A,CT,AMERICA,181,0.000,0.862,0.000,0.138,T,0.138,0.254,0.238,-,0.010,0.005,
rs12670839,chr07,147958844,CNTNAP2,C,C,CT,Population Set 1,1093,0.000,0.663,0.000,0.337,T,0.337,0.389,0.447,-,0.096,0.045,
rs12670839,chr07,147958844,CNTNAP2,C,C,CT,AFRICA,246,0.000,0.785,0.000,0.215,T,0.215,0.358,0.338,-,0.007,0.004,
rs12670839,chr07,147958844,CNTNAP2,C,C,CT,EUROPE,380,0.000,0.734,0.000,0.266,T,0.266,0.400,0.390,-,0.007,0.004,
rs12670839,chr07,147958844,CNTNAP2,C,C,CT,EAST ASIA,286,0.000,0.420,0.000,0.580,C,0.420,0.427,0.487,-,0.001,0.001,
rs12670839,chr07,147958844,CNTNAP2,C,C,CT,AMERICA,181,0.000,0.732,0.000,0.268,T,0.268,0.348,0.392,-,0.019,0.010,
rs441517,chr08,17908116,-,A,A,AG,Population Set 1,1093,0.368,0.000,0.632,0.000,A,0.368,0.466,0.465,-,0.026,0.012,
rs441517,chr08,17908116,-,A,A,AG,AFRICA,246,0.307,0.000,0.693,0.000,A,0.307,0.411,0.425,-,0.001,0.000,
rs441517,chr08,17908116,-,A,A,AG,EUROPE,380,0.316,0.000,0.684,0.000,A,0.316,0.447,0.432,-,0.004,0.003,
rs441517,chr08,17908116,-,A,A,AG,EAST ASIA,286,0.495,0.000,0.505,0.000,A,0.495,0.535,0.500,-,0.003,0.001,
rs441517,chr08,17908116,-,A,A,AG,AMERICA,181,0.362,0.000,0.638,0.000,A,0.362,0.470,0.462,-,0.006,0.003,
rs2276070,chr11,113230600,TTC12,G,G,CT,Population Set 1,1093,0.000,0.720,0.000,0.280,T,0.280,0.351,0.403,-,0.091,0.041,
rs2276070,chr11,113230600,TTC12,G,G,CT,AFRICA,246,0.000,0.732,0.000,0.268,T,0.268,0.398,0.393,-,0.002,0.001,
rs2276070,chr11,113230600,TTC12,G,G,CT,EUROPE,380,0.000,0.837,0.000,0.163,T,0.163,0.279,0.273,-,0.014,0.008,
rs2276070,chr11,113230600,TTC12,G,G,CT,EAST ASIA,286,0.000,0.502,0.000,0.498,T,0.498,0.444,0.500,-,0.006,0.003,
rs2276070,chr11,113230600,TTC12,G,G,CT,AMERICA,181,0.000,0.804,0.000,0.196,T,0.196,0.293,0.315,-,0.016,0.008,
rs4870268,chr06,154472327,OPRM1,T,T,TC,Population Set 1,1093,0.000,0.405,0.000,0.595,C,0.405,0.454,0.482,-,0.027,0.013,
rs4870268,chr06,154472327,OPRM1,T,T,TC,AFRICA,246,0.000,0.470,0.000,0.530,C,0.470,0.492,0.498,-,0.008,0.003,
rs4870268,chr06,154472327,OPRM1,T,T,TC,EUROPE,380,0.000,0.475,0.000,0.525,C,0.475,0.508,0.499,-,0.004,0.004,
rs4870268,chr06,154472327,OPRM1,T,T,TC,EAST ASIA,286,0.000,0.288,0.000,0.712,C,0.288,0.388,0.411,-,0.007,0.004,
rs4870268,chr06,154472327,OPRM1,T,T,TC,AMERICA,181,0.000,0.356,0.000,0.644,C,0.356,0.392,0.459,-,0.015,0.008,
rs2417680,chr09,108750147,-,T,G,TG,Population Set 1,1093,0.000,0.000,0.117,0.883,G,0.117,0.194,0.207,-,0.089,0.052,
rs2417680,chr09,108750147,-,T,G,TG,AFRICA,246,0.000,0.000,0.276,0.724,G,0.276,0.423,0.400,-,0.011,0.007,
rs2417680,chr09,108750147,-,T,G,TG,EUROPE,380,0.000,0.000,0.111,0.889,G,0.111,0.205,0.197,-,0.006,0.004,
rs2417680,chr09,108750147,-,T,G,TG,EAST ASIA,286,0.000,0.000,0.002,0.998,G,0.002,0.003,0.003,-,0.003,0.002,
rs2417680,chr09,108750147,-,T,G,TG,AMERICA,181,0.000,0.000,0.097,0.903,G,0.097,0.160,0.175,-,0.044,0.022,
rs10519410,chr04,138134581,-,T,C,AG,Population Set 1,1093,0.805,0.000,0.195,0.000,G,0.195,0.295,0.314,-,0.002,0.001,
rs10519410,chr04,138134581,-,T,C,AG,AFRICA,246,0.776,0.000,0.224,0.000,G,0.224,0.285,0.347,-,0.008,0.004,
rs10519410,chr04,138134581,-,T,C,AG,EUROPE,380,0.808,0.000,0.192,0.000,G,0.192,0.295,0.310,-,0.012,0.012,
rs10519410,chr04,138134581,-,T,C,AG,EAST ASIA,286,0.816,0.000,0.184,0.000,G,0.184,0.325,0.300,-,0.004,0.002,
rs10519410,chr04,138134581,-,T,C,AG,AMERICA,181,0.820,0.000,0.180,0.000,G,0.180,0.260,0.295,-,0.050,0.024,
rs39108,chr07,29318397,CHN2,T,T,TC,Population Set 1,1093,0.000,0.645,0.000,0.355,T,0.355,0.441,0.458,-,0.042,0.018,
rs39108,chr07,29318397,CHN2,T,T,TC,AFRICA,246,0.000,0.644,0.000,0.356,T,0.356,0.484,0.458,-,0.002,0.001,
rs39108,chr07,29318397,CHN2,T,T,TC,EUROPE,380,0.000,0.538,0.000,0.462,T,0.462,0.518,0.497,-,0.006,0.002,
rs39108,chr07,29318397,CHN2,T,T,TC,EAST ASIA,286,0.000,0.790,0.000,0.210,T,0.210,0.322,0.332,-,0.014,0.007,
rs39108,chr07,29318397,CHN2,T,T,TC,AMERICA,181,0.000,0.641,0.000,0.359,T,0.359,0.409,0.460,-,0.006,0.003,
rs6958889,chr07,100979310,-,C,C,CT,Population Set 1,1093,0.000,0.533,0.000,0.467,T,0.467,0.435,0.498,-,0.106,0.046,
rs6958889,chr07,100979310,-,C,C,CT,AFRICA,246,0.000,0.443,0.000,0.557,C,0.443,0.472,0.494,-,0.020,0.010,
rs6958889,chr07,100979310,-,C,C,CT,EUROPE,380,0.000,0.728,0.000,0.272,T,0.272,0.403,0.396,-,0.003,0.003,
rs6958889,chr07,100979310,-,C,C,CT,EAST ASIA,286,0.000,0.327,0.000,0.673,C,0.327,0.423,0.440,-,0.000,0.000,
rs6958889,chr07,100979310,-,C,C,CT,AMERICA,181,0.000,0.575,0.000,0.425,T,0.425,0.475,0.489,-,0.003,0.002,
rs7732983,chr05,111948117,-,T,C,TC,Population Set 1,1093,0.000,0.289,0.000,0.711,C,0.289,0.358,0.411,-,0.060,0.030,
rs7732983,chr05,111948117,-,T,C,TC,AFRICA,246,0.000,0.317,0.000,0.683,C,0.317,0.431,0.433,-,0.001,0.000,
rs7732983,chr05,111948117,-,T,C,TC,EUROPE,380,0.000,0.392,0.000,0.608,C,0.392,0.421,0.477,-,0.003,0.003,
rs7732983,chr05,111948117,-,T,C,TC,EAST ASIA,286,0.000,0.110,0.000,0.890,C,0.110,0.171,0.196,-,0.017,0.010,
rs7732983,chr05,111948117,-,T,C,TC,AMERICA,181,0.000,0.315,0.000,0.685,C,0.315,0.420,0.431,-,0.009,0.004,
rs10515467,chr05,134543927,-,C,C,CT,Population Set 1,1093,0.000,0.574,0.000,0.426,T,0.426,0.451,0.489,-,0.097,0.046,
rs10515467,chr05,134543927,-,C,C,CT,AFRICA,246,0.000,0.618,0.000,0.382,T,0.382,0.447,0.472,-,0.012,0.006,
rs10515467,chr05,134543927,-,C,C,CT,EUROPE,380,0.000,0.693,0.000,0.307,T,0.307,0.461,0.425,-,0.011,0.021,
rs10515467,chr05,134543927,-,C,C,CT,EAST ASIA,286,0.000,0.320,0.000,0.680,C,0.320,0.430,0.435,-,0.006,0.003,
rs10515467,chr05,134543927,-,C,C,CT,AMERICA,181,0.000,0.666,0.000,0.334,T,0.334,0.470,0.445,-,0.009,0.004,
rs12576387,chr11,4703762,OR51E2,G,G,GT,Population Set 1,1093,0.000,0.000,0.906,0.094,T,0.094,0.168,0.171,-,0.030,0.014,
rs12576387,chr11,4703762,OR51E2,G,G,GT,AFRICA,246,0.000,0.000,0.890,0.110,T,0.110,0.220,0.195,-,0.007,0.004,
rs12576387,chr11,4703762,OR51E2,G,G,GT,EUROPE,380,0.000,0.000,0.972,0.028,T,0.028,0.055,0.054,-,0.007,0.008,
rs12576387,chr11,4703762,OR51E2,G,G,GT,EAST ASIA,286,0.000,0.000,0.848,0.152,T,0.152,0.241,0.258,-,0.003,0.001,
rs12576387,chr11,4703762,OR51E2,G,G,GT,AMERICA,181,0.000,0.000,0.878,0.122,T,0.122,0.221,0.214,-,0.050,0.033,
rs7404238,chr16,48763325,-,G,T,GT,Population Set 1,1093,0.000,0.000,0.680,0.320,T,0.320,0.322,0.435,-,0.263,0.127,
rs7404238,chr16,48763325,-,G,T,GT,AFRICA,246,0.000,0.000,0.648,0.352,T,0.352,0.435,0.456,-,0.016,0.008,
rs7404238,chr16,48763325,-,G,T,GT,EUROPE,380,0.000,0.000,0.887,0.113,T,0.113,0.174,0.201,-,0.008,0.005,
rs7404238,chr16,48763325,-,G,T,GT,EAST ASIA,286,0.000,0.000,0.309,0.691,G,0.309,0.472,0.427,-,0.009,0.005,
rs7404238,chr16,48763325,-,G,T,GT,AMERICA,181,0.000,0.000,0.873,0.127,T,0.127,0.243,0.222,-,0.011,0.005,
rs149332,chr16,21622899,METTL9,C,T,CT,Population Set 1,1093,0.000,0.978,0.000,0.022,T,0.022,0.040,0.043,-,0.044,0.021,
rs149332,chr16,21622899,METTL9,C,T,CT,AFRICA,246,0.000,1.000,0.000,0.000,T,0,0.000,0.000,-,0.000,0.000,
rs149332,chr16,21622899,METTL9,C,T,CT,EUROPE,380,0.000,0.991,0.000,0.009,T,0.009,0.008,0.018,-,0.029,0.012,
rs149332,chr16,21622899,METTL9,C,T,CT,EAST ASIA,286,0.000,0.928,0.000,0.072,T,0.072,0.143,0.133,-,0.003,0.002,
rs149332,chr16,21622899,METTL9,C,T,CT,AMERICA,181,0.000,1.000,0.000,0.000,T,0,0.000,0.000,-,0.000,0.000,
rs12347149,chr09,138151500,-,G,T,GT,Population Set 1,1093,0.000,0.000,0.274,0.726,G,0.274,0.410,0.398,-,0.027,0.013,
rs12347149,chr09,138151500,-,G,T,GT,AFRICA,246,0.000,0.000,0.183,0.817,G,0.183,0.309,0.299,-,0.044,0.024,
rs12347149,chr09,138151500,-,G,T,GT,EUROPE,380,0.000,0.000,0.363,0.637,G,0.363,0.489,0.463,-,0.014,0.008,
rs12347149,chr09,138151500,-,G,T,GT,EAST ASIA,286,0.000,0.000,0.219,0.781,G,0.219,0.339,0.342,-,0.004,0.002,
rs12347149,chr09,138151500,-,G,T,GT,AMERICA,181,0.000,0.000,0.301,0.699,G,0.301,0.492,0.421,-,0.009,0.004,
rs4741546,chr09,15846112,C9orf93,C,C,CT,Population Set 1,1093,0.000,0.592,0.000,0.408,T,0.408,0.389,0.483,-,0.205,0.136,
rs4741546,chr09,15846112,C9orf93,C,C,CT,AFRICA,246,0.000,0.970,0.000,0.030,T,0.030,0.045,0.059,-,0.065,0.032,
rs4741546,chr09,15846112,C9orf93,C,C,CT,EUROPE,380,0.000,0.579,0.000,0.421,T,0.421,0.542,0.488,-,0.006,0.003,
rs4741546,chr09,15846112,C9orf93,C,C,CT,EAST ASIA,286,0.000,0.344,0.000,0.656,C,0.344,0.444,0.452,-,0.002,0.001,
rs4741546,chr09,15846112,C9orf93,C,C,CT,AMERICA,181,0.000,0.500,0.000,0.500,C,0.500,0.448,0.500,-,0.039,0.020,
rs4921809,chr08,17565061,MTUS1,T,T,TC,Population Set 1,1093,0.000,0.447,0.000,0.553,C,0.447,0.478,0.494,-,0.044,0.022,
rs4921809,chr08,17565061,MTUS1,T,T,TC,AFRICA,246,0.000,0.577,0.000,0.423,T,0.423,0.504,0.488,-,0.007,0.004,
rs4921809,chr08,17565061,MTUS1,T,T,TC,EUROPE,380,0.000,0.342,0.000,0.658,C,0.342,0.453,0.450,-,0.010,0.005,
rs4921809,chr08,17565061,MTUS1,T,T,TC,EAST ASIA,286,0.000,0.530,0.000,0.470,T,0.470,0.486,0.498,-,0.010,0.005,
rs4921809,chr08,17565061,MTUS1,T,T,TC,AMERICA,181,0.000,0.359,0.000,0.641,C,0.359,0.486,0.460,-,0.005,0.003,
rs1844396,chr03,177782520,-,T,G,AC,Population Set 1,1093,0.408,0.592,0.000,0.000,A,0.408,0.416,0.483,-,0.140,0.063,
rs1844396,chr03,177782520,-,T,G,AC,AFRICA,246,0.230,0.770,0.000,0.000,A,0.230,0.346,0.354,-,0.019,0.011,
rs1844396,chr03,177782520,-,T,G,AC,EUROPE,380,0.629,0.371,0.000,0.000,C,0.371,0.463,0.467,-,0.007,0.004,
rs1844396,chr03,177782520,-,T,G,AC,EAST ASIA,286,0.224,0.776,0.000,0.000,A,0.224,0.336,0.347,-,0.006,0.003,
rs1844396,chr03,177782520,-,T,G,AC,AMERICA,181,0.475,0.525,0.000,0.000,A,0.475,0.541,0.499,-,0.001,0.000,
rs7539636,chr01,106128123,-,T,C,TC,Population Set 1,1093,0.000,0.475,0.000,0.525,C,0.475,0.426,0.499,-,0.144,0.076,
rs7539636,chr01,106128123,-,T,C,TC,AFRICA,246,0.000,0.713,0.000,0.287,T,0.287,0.402,0.409,-,0.004,0.002,
rs7539636,chr01,106128123,-,T,C,TC,EUROPE,380,0.000,0.542,0.000,0.458,T,0.458,0.521,0.496,-,0.009,0.005,
rs7539636,chr01,106128123,-,T,C,TC,EAST ASIA,286,0.000,0.189,0.000,0.811,C,0.189,0.287,0.306,-,0.007,0.004,
rs7539636,chr01,106128123,-,T,C,TC,AMERICA,181,0.000,0.461,0.000,0.539,C,0.461,0.481,0.497,-,0.003,0.001,
rs4785919,chr16,2977262,FLYWCH1,A,G,AG,Population Set 1,1093,0.268,0.000,0.732,0.000,A,0.268,0.360,0.392,-,0.013,0.006,
rs4785919,chr16,2977262,FLYWCH1,A,G,AG,AFRICA,246,0.276,0.000,0.724,0.000,A,0.276,0.382,0.400,-,0.002,0.001,
rs4785919,chr16,2977262,FLYWCH1,A,G,AG,EUROPE,380,0.326,0.000,0.674,0.000,A,0.326,0.389,0.440,-,0.015,0.029,
rs4785919,chr16,2977262,FLYWCH1,A,G,AG,EAST ASIA,286,0.194,0.000,0.806,0.000,A,0.194,0.304,0.313,-,0.007,0.003,
rs4785919,chr16,2977262,FLYWCH1,A,G,AG,AMERICA,181,0.249,0.000,0.751,0.000,A,0.249,0.354,0.374,-,0.015,0.007,
rs641902,chr11,87610338,-,A,A,AG,Population Set 1,1093,0.505,0.000,0.495,0.000,G,0.495,0.436,0.500,-,0.121,0.060,
rs641902,chr11,87610338,-,A,A,AG,AFRICA,246,0.793,0.000,0.207,0.000,G,0.207,0.341,0.329,-,0.023,0.012,
rs641902,chr11,87610338,-,A,A,AG,EUROPE,380,0.322,0.000,0.678,0.000,A,0.322,0.418,0.437,-,0.005,0.002,
rs641902,chr11,87610338,-,A,A,AG,EAST ASIA,286,0.495,0.000,0.505,0.000,A,0.495,0.535,0.500,-,0.012,0.006,
rs641902,chr11,87610338,-,A,A,AG,AMERICA,181,0.511,0.000,0.489,0.000,G,0.489,0.448,0.500,-,0.004,0.002,
rs2589655,chr05,10536845,-,A,G,AG,Population Set 1,1093,0.271,0.000,0.729,0.000,A,0.271,0.308,0.395,-,0.241,0.135,
rs2589655,chr05,10536845,-,A,G,AG,AFRICA,246,0.636,0.000,0.364,0.000,G,0.364,0.492,0.463,-,0.000,0.000,
rs2589655,chr05,10536845,-,A,G,AG,EUROPE,380,0.226,0.000,0.774,0.000,A,0.226,0.347,0.350,-,0.004,0.005,
rs2589655,chr05,10536845,-,A,G,AG,EAST ASIA,286,0.017,0.000,0.983,0.000,A,0.017,0.035,0.034,-,0.013,0.006,
rs2589655,chr05,10536845,-,A,G,AG,AMERICA,181,0.271,0.000,0.729,0.000,A,0.271,0.409,0.395,-,0.006,0.003,
rs7358335,chr11,26752782,-,C,C,CT,Population Set 1,1093,0.000,0.783,0.000,0.217,T,0.217,0.333,0.340,-,0.025,0.016,
rs7358335,chr11,26752782,-,C,C,CT,AFRICA,246,0.000,0.858,0.000,0.142,T,0.142,0.228,0.244,-,0.006,0.003,
rs7358335,chr11,26752782,-,C,C,CT,EUROPE,380,0.000,0.747,0.000,0.253,T,0.253,0.395,0.378,-,0.045,0.022,
rs7358335,chr11,26752782,-,C,C,CT,EAST ASIA,286,0.000,0.836,0.000,0.164,T,0.164,0.266,0.275,-,0.005,0.002,
rs7358335,chr11,26752782,-,C,C,CT,AMERICA,181,0.000,0.674,0.000,0.326,T,0.326,0.453,0.439,-,0.012,0.006,
rs6681880,chr01,115619422,TSPAN2,C,C,CT,Population Set 1,1093,0.000,0.697,0.000,0.303,T,0.303,0.409,0.423,-,0.011,0.005,
rs6681880,chr01,115619422,TSPAN2,C,C,CT,AFRICA,246,0.000,0.701,0.000,0.299,T,0.299,0.402,0.419,-,0.002,0.001,
rs6681880,chr01,115619422,TSPAN2,C,C,CT,EUROPE,380,0.000,0.741,0.000,0.259,T,0.259,0.361,0.384,-,0.008,0.004,
rs6681880,chr01,115619422,TSPAN2,C,C,CT,EAST ASIA,286,0.000,0.619,0.000,0.381,T,0.381,0.476,0.472,-,0.011,0.005,
rs6681880,chr01,115619422,TSPAN2,C,C,CT,AMERICA,181,0.000,0.721,0.000,0.279,T,0.279,0.414,0.402,-,0.001,0.001,
rs867926,chr02,462799,-,A,A,AG,Population Set 1,1093,0.851,0.000,0.149,0.000,G,0.149,0.242,0.253,-,0.054,0.030,
rs867926,chr02,462799,-,A,A,AG,AFRICA,246,0.965,0.000,0.035,0.000,G,0.035,0.061,0.067,-,0.002,0.001,
rs867926,chr02,462799,-,A,A,AG,EUROPE,380,0.870,0.000,0.130,0.000,G,0.130,0.239,0.227,-,0.004,0.003,
rs867926,chr02,462799,-,A,A,AG,EAST ASIA,286,0.729,0.000,0.271,0.000,G,0.271,0.416,0.395,-,0.009,0.004,
rs867926,chr02,462799,-,A,A,AG,AMERICA,181,0.851,0.000,0.149,0.000,G,0.149,0.221,0.254,-,0.002,0.001,
rs4577244,chr02,29120733,WDR43,C,T,CT,Population Set 1,1093,0.000,0.602,0.000,0.398,T,0.398,0.372,0.479,-,0.233,0.112,
rs4577244,chr02,29120733,WDR43,C,T,CT,AFRICA,246,0.000,0.801,0.000,0.199,T,0.199,0.358,0.319,-,0.005,0.002,
rs4577244,chr02,29120733,WDR43,C,T,CT,EUROPE,380,0.000,0.766,0.000,0.234,T,0.234,0.363,0.359,-,0.012,0.005,
rs4577244,chr02,29120733,WDR43,C,T,CT,EAST ASIA,286,0.000,0.224,0.000,0.776,C,0.224,0.343,0.347,-,0.002,0.001,
rs4577244,chr02,29120733,WDR43,C,T,CT,AMERICA,181,0.000,0.588,0.000,0.412,T,0.412,0.459,0.484,-,0.033,0.016,
rs11096674,chr02,20752612,-,T,T,TG,Population Set 1,1093,0.000,0.000,0.596,0.404,T,0.404,0.464,0.482,-,0.026,0.014,
rs11096674,chr02,20752612,-,T,T,TG,AFRICA,246,0.000,0.000,0.628,0.372,T,0.372,0.492,0.467,-,0.002,0.001,
rs11096674,chr02,20752612,-,T,T,TG,EUROPE,380,0.000,0.000,0.543,0.457,T,0.457,0.487,0.496,-,0.013,0.012,
rs11096674,chr02,20752612,-,T,T,TG,EAST ASIA,286,0.000,0.000,0.705,0.295,T,0.295,0.381,0.416,-,0.009,0.004,
rs11096674,chr02,20752612,-,T,T,TG,AMERICA,181,0.000,0.000,0.492,0.508,G,0.492,0.508,0.500,-,0.006,0.003,
rs4973190,chr02,230211434,-,T,T,TC,Population Set 1,1093,0.000,0.307,0.000,0.693,C,0.307,0.372,0.425,-,0.108,0.046,
rs4973190,chr02,230211434,-,T,T,TC,AFRICA,246,0.000,0.246,0.000,0.754,C,0.246,0.354,0.371,-,0.021,0.012,
rs4973190,chr02,230211434,-,T,T,TC,EUROPE,380,0.000,0.163,0.000,0.837,C,0.163,0.279,0.273,-,0.006,0.003,
rs4973190,chr02,230211434,-,T,T,TC,EAST ASIA,286,0.000,0.545,0.000,0.455,T,0.455,0.476,0.496,-,0.003,0.002,
rs4973190,chr02,230211434,-,T,T,TC,AMERICA,181,0.000,0.315,0.000,0.685,C,0.315,0.431,0.431,-,0.032,0.018,
rs4269797,chr01,63628648,-,T,T,TC,Population Set 1,1093,0.000,0.298,0.000,0.702,C,0.298,0.271,0.419,-,0.327,0.173,
rs4269797,chr01,63628648,-,T,T,TC,AFRICA,246,0.000,0.018,0.000,0.982,C,0.018,0.037,0.036,-,0.041,0.020,
rs4269797,chr01,63628648,-,T,T,TC,EUROPE,380,0.000,0.180,0.000,0.820,C,0.180,0.276,0.296,-,0.016,0.010,
rs4269797,chr01,63628648,-,T,T,TC,EAST ASIA,286,0.000,0.717,0.000,0.283,T,0.283,0.385,0.406,-,0.001,0.000,
rs4269797,chr01,63628648,-,T,T,TC,AMERICA,181,0.000,0.265,0.000,0.735,C,0.265,0.398,0.390,-,0.020,0.011,
rs181247,chr17,56207731,-,A,-,AG,Population Set 1,1093,0.281,0.000,0.719,0.000,A,0.281,0.346,0.404,-,0.117,0.060,
rs181247,chr17,56207731,-,A,-,AG,AFRICA,246,0.541,0.000,0.459,0.000,G,0.459,0.480,0.497,-,0.013,0.008,
rs181247,chr17,56207731,-,A,-,AG,EUROPE,380,0.237,0.000,0.763,0.000,A,0.237,0.337,0.361,-,0.008,0.006,
rs181247,chr17,56207731,-,A,-,AG,EAST ASIA,286,0.110,0.000,0.890,0.000,A,0.110,0.220,0.196,-,0.005,0.003,
rs181247,chr17,56207731,-,A,-,AG,AMERICA,181,0.290,0.000,0.710,0.000,A,0.290,0.381,0.412,-,0.002,0.001,
rs11195943,chr10,114154815,ACSL5,C,C,CT,Population Set 1,1093,0.000,0.914,0.000,0.086,T,0.086,0.152,0.157,-,0.015,0.010,
rs11195943,chr10,114154815,ACSL5,C,C,CT,AFRICA,246,0.000,0.974,0.000,0.026,T,0.026,0.053,0.051,-,0.007,0.004,
rs11195943,chr10,114154815,ACSL5,C,C,CT,EUROPE,380,0.000,0.909,0.000,0.091,T,0.091,0.171,0.165,-,0.002,0.001,
rs11195943,chr10,114154815,ACSL5,C,C,CT,EAST ASIA,286,0.000,0.883,0.000,0.117,T,0.117,0.185,0.207,-,0.002,0.001,
rs11195943,chr10,114154815,ACSL5,C,C,CT,AMERICA,181,0.000,0.892,0.000,0.108,T,0.108,0.193,0.192,-,0.002,0.001,
rs7660783,chr04,8677043,-,C,C,CT,Population Set 1,1093,0.000,0.910,0.000,0.090,T,0.090,0.159,0.163,-,0.015,0.010,
rs7660783,chr04,8677043,-,C,C,CT,AFRICA,246,0.000,0.886,0.000,0.114,T,0.114,0.195,0.202,-,0.003,0.001,
rs7660783,chr04,8677043,-,C,C,CT,EUROPE,380,0.000,0.905,0.000,0.095,T,0.095,0.184,0.172,-,0.004,0.003,
rs7660783,chr04,8677043,-,C,C,CT,EAST ASIA,286,0.000,0.967,0.000,0.033,T,0.033,0.066,0.064,-,0.004,0.002,
rs7660783,chr04,8677043,-,C,C,CT,AMERICA,181,0.000,0.865,0.000,0.135,T,0.135,0.204,0.234,-,0.038,0.019,
rs1322755,chr06,126244682,NCOA7,A,G,TC,Population Set 1,1093,0.000,0.702,0.000,0.298,T,0.298,0.409,0.418,-,0.006,0.003,
rs1322755,chr06,126244682,NCOA7,A,G,TC,AFRICA,246,0.000,0.734,0.000,0.266,T,0.266,0.435,0.391,-,0.010,0.005,
rs1322755,chr06,126244682,NCOA7,A,G,TC,EUROPE,380,0.000,0.670,0.000,0.330,T,0.330,0.418,0.442,-,0.004,0.002,
rs1322755,chr06,126244682,NCOA7,A,G,TC,EAST ASIA,286,0.000,0.743,0.000,0.257,T,0.257,0.367,0.382,-,0.011,0.006,
rs1322755,chr06,126244682,NCOA7,A,G,TC,AMERICA,181,0.000,0.663,0.000,0.337,T,0.337,0.420,0.447,-,0.009,0.004,
rs7580688,chr02,128457941,SFT2D3,A,G,AG,Population Set 1,1093,0.622,0.000,0.378,0.000,G,0.378,0.433,0.470,-,0.056,0.029,
rs7580688,chr02,128457941,SFT2D3,A,G,AG,AFRICA,246,0.411,0.000,0.589,0.000,A,0.411,0.463,0.484,-,0.001,0.000,
rs7580688,chr02,128457941,SFT2D3,A,G,AG,EUROPE,380,0.695,0.000,0.305,0.000,G,0.305,0.416,0.424,-,0.016,0.006,
rs7580688,chr02,128457941,SFT2D3,A,G,AG,EAST ASIA,286,0.666,0.000,0.334,0.000,G,0.334,0.479,0.445,-,0.010,0.005,
rs7580688,chr02,128457941,SFT2D3,A,G,AG,AMERICA,181,0.685,0.000,0.315,0.000,G,0.315,0.354,0.431,-,0.051,0.026,
rs1906990,chr05,173899353,-,A,A,AG,Population Set 1,1093,0.543,0.000,0.457,0.000,G,0.457,0.420,0.496,-,0.137,0.064,
rs1906990,chr05,173899353,-,A,A,AG,AFRICA,246,0.630,0.000,0.370,0.000,G,0.370,0.463,0.466,-,0.001,0.000,
rs1906990,chr05,173899353,-,A,A,AG,EUROPE,380,0.705,0.000,0.295,0.000,G,0.295,0.400,0.416,-,0.005,0.005,
rs1906990,chr05,173899353,-,A,A,AG,EAST ASIA,286,0.245,0.000,0.755,0.000,A,0.245,0.371,0.370,-,0.002,0.001,
rs1906990,chr05,173899353,-,A,A,AG,AMERICA,181,0.555,0.000,0.445,0.000,G,0.445,0.481,0.494,-,0.028,0.015,
rs2918285,chr05,148587553,ABLIM3,A,A,TC,Population Set 1,1093,0.000,0.395,0.000,0.605,C,0.395,0.481,0.478,-,0.028,0.013,
rs2918285,chr05,148587553,ABLIM3,A,A,TC,AFRICA,246,0.000,0.461,0.000,0.539,C,0.461,0.581,0.497,-,0.012,0.006,
rs2918285,chr05,148587553,ABLIM3,A,A,TC,EUROPE,380,0.000,0.312,0.000,0.688,C,0.312,0.445,0.429,-,0.010,0.008,
rs2918285,chr05,148587553,ABLIM3,A,A,TC,EAST ASIA,286,0.000,0.493,0.000,0.507,C,0.493,0.469,0.500,-,0.001,0.000,
rs2918285,chr05,148587553,ABLIM3,A,A,TC,AMERICA,181,0.000,0.326,0.000,0.674,C,0.326,0.442,0.439,-,0.011,0.006,
rs250850,chr05,132758353,FSTL4,A,G,TC,Population Set 1,1093,0.000,0.349,0.000,0.651,C,0.349,0.423,0.454,-,0.022,0.011,
rs250850,chr05,132758353,FSTL4,A,G,TC,AFRICA,246,0.000,0.252,0.000,0.748,C,0.252,0.358,0.377,-,0.016,0.008,
rs250850,chr05,132758353,FSTL4,A,G,TC,EUROPE,380,0.000,0.343,0.000,0.657,C,0.343,0.434,0.451,-,0.013,0.013,
rs250850,chr05,132758353,FSTL4,A,G,TC,EAST ASIA,286,0.000,0.453,0.000,0.547,C,0.453,0.458,0.496,-,0.000,0.000,
rs250850,chr05,132758353,FSTL4,A,G,TC,AMERICA,181,0.000,0.326,0.000,0.674,C,0.326,0.431,0.439,-,0.001,0.001,
